id;demandeur;origine;motif
1;Massachusetts;transmit;SMTP
2;invoice;Incredible Granite Tuna Investment Account deliver;matrix
3;Pants;Vision-oriented;Money Market Account Books
4;Uzbekistan maximize vortals;Industrial Nebraska;executive projection Trace
5;sky blue Unbranded Metal Shirt New Taiwan Dollar;teal;Monaco
6;Integrated;Rand Loti Generic Concrete Sausages Security;parsing transition Gorgeous Frozen Tuna
7;indexing Dynamic Concrete;Reverse-engineered withdrawal;Unbranded Automated contingency
8;Grocery Health;Tasty Wooden Chair;Developer
9;seamless;global;Investment Account violet Berkshire
10;Money Market Account;Creative;Automotive
