id;nom;type;contenu;contenu_content_type
1;PCI web services Gorgeous;Trinidad and Tobago Dollar;../fake-data/blob/hipster.png;image/png
2;Pennsylvania;Berkshire redundant;../fake-data/blob/hipster.png;image/png
3;Planner Accounts Accountability;Garden synergize;../fake-data/blob/hipster.png;image/png
4;Vatu deposit generating;Awesome Wooden Keyboard;../fake-data/blob/hipster.png;image/png
5;PCI action-items reboot;Maryland Borders;../fake-data/blob/hipster.png;image/png
6;niches;Dynamic portals backing up;../fake-data/blob/hipster.png;image/png
7;incubate;Seamless end-to-end Course;../fake-data/blob/hipster.png;image/png
8;Designer Intelligent Wooden Keyboard salmon;Agent;../fake-data/blob/hipster.png;image/png
9;metrics Coordinator;Chips cultivate;../fake-data/blob/hipster.png;image/png
10;iterate Fresh invoice;standardization compress;../fake-data/blob/hipster.png;image/png
