id;code;commentaire;date_heure_debut_reel;date_heure_fin_reel
1;FTP;Credit Card Account port;2025-05-07T09:30:22;2025-05-07T07:31:22
2;Personal Loan Account Tasty;wireless Glen Buckinghamshire;2025-05-06T22:19:18;2025-05-06T19:18:38
3;virtual Beauty;violet homogeneous;2025-05-06T18:40:43;2025-05-07T03:24:34
4;Michigan Tasty Soft Towels;International Ergonomic Intelligent;2025-05-07T05:34:03;2025-05-06T22:45:10
5;bluetooth Silver Money Market Account;Upgradable;2025-05-07T01:03:39;2025-05-07T04:28:02
6;Surinam Dollar Grocery;Shoes Vanuatu;2025-05-07T07:45:08;2025-05-07T03:40:56
7;Unbranded Wooden Gloves Baby;e-markets Practical Rubber Sausages;2025-05-07T06:48:08;2025-05-07T04:46:00
8;reboot overriding invoice;Home Loan Account purple Togo;2025-05-06T18:55:12;2025-05-07T11:44:56
9;Group Avon;Serbian Dinar Practical;2025-05-06T22:26:25;2025-05-07T11:42:08
10;Shoes;innovate;2025-05-07T03:04:47;2025-05-06T15:57:59
