id;label;date;importance;commentaire
1;User-centric grid-enabled;2025-05-07;FAIBLE;blue FTP Home Loan Account
2;Granite Integrated;2025-05-07;MOYENNE;Books
3;Ouguiya Afghani mobile;2025-05-07;MOYENNE;reciprocal
4;USB;2025-05-06;ELEVEE;hard drive Keys Credit Card Account
5;Checking Account;2025-05-07;MOYENNE;Team-oriented
6;fuchsia;2025-05-07;CRITIQUE;calculate
7;Connecticut;2025-05-06;ELEVEE;Corners Garden
8;Fish Credit Card Account Licensed Granite Soap;2025-05-06;MOYENNE;Developer
9;Car Slovenia connect;2025-05-06;CRITIQUE;Senior
10;Toys;2025-05-07;CRITIQUE;Soft red JBOD
