id;demandeur;motif;date_heure_debut_previsionnel;date_heure_fin_previsionnel;date_heure_debut_reel;date_heure_fin_reel;materiel_utilise;remarque;numero_fiche_intervention;hebergement
1;deliverables navigate;microchip;2025-05-07T12:04:27;2025-05-07T05:43:58;2025-05-07T08:19:39;2025-05-06T19:48:23;interface application;Key;Buckinghamshire;25592
2;Operative Practical Wooden Car Security;multi-byte compress;2025-05-06T21:14:14;2025-05-07T05:35:23;2025-05-07T11:45:22;2025-05-07T09:09:58;Dynamic transitional optimizing;reboot Dong;input Uganda Personal Loan Account;63374
3;Virgin Islands, U.S.;Naira;2025-05-07T11:05:51;2025-05-07T04:54:09;2025-05-06T21:32:12;2025-05-07T14:19:53;US Dollar;conglomeration multi-byte Generic;Intelligent Frozen Car Handmade Refined Cotton Soap;68320
4;Gorgeous Fresh Shirt;Balanced frictionless mobile;2025-05-07T05:42:17;2025-05-07T03:15:10;2025-05-07T12:18:48;2025-05-07T01:03:24;Concrete Data online;Cotton methodologies 1080p;networks;26105
5;JSON Plastic;visualize bypassing grey;2025-05-07T09:29:40;2025-05-07T12:47:30;2025-05-07T01:26:20;2025-05-07T04:54:52;multi-byte communities;auxiliary Buckinghamshire;Brook;13920
6;Chief Interactions;array;2025-05-06T17:57:07;2025-05-07T10:23:58;2025-05-07T02:34:13;2025-05-07T08:15:12;auxiliary;Multi-tiered Cove deposit;Diverse San Marino Branding;76999
7;Botswana digital;Ergonomic zero defect Representative;2025-05-07T10:48:05;2025-05-06T20:01:25;2025-05-06T15:20:25;2025-05-07T09:36:08;Incredible District experiences;Customer SQL;Tasty Frozen Chips Configurable;79295
8;Gloves;yellow Division;2025-05-06T19:38:39;2025-05-06T23:26:25;2025-05-06T18:52:31;2025-05-07T05:44:46;virtual Samoa;digital COM;Music mission-critical;8378
9;Investor COM Bahrain;Mouse;2025-05-07T07:29:57;2025-05-07T02:53:56;2025-05-06T21:55:20;2025-05-07T00:18:28;Customer;virtual B2B;Mouse;92170
10;Industrial;real-time 1080p Small Fresh Mouse;2025-05-07T11:29:01;2025-05-06T22:50:49;2025-05-07T03:14:10;2025-05-07T08:07:40;New Jersey;European Unit of Account 9(E.U.A.-9) Applications SDD;Unbranded Frozen Bacon;78909
